Datetime,Water Level (m)
2025-07-31 06:00:00,-0.06886979
2025-07-31 07:00:00,0.12203856
2025-07-31 08:00:00,0.4207298
2025-07-31 09:00:00,0.7332824
2025-07-31 10:00:00,1.0390764
2025-07-31 11:00:00,1.2269113
2025-07-31 12:00:00,1.2451209
2025-07-31 13:00:00,1.0235063
2025-07-31 14:00:00,0.7717491
2025-07-31 15:00:00,0.51783705
2025-07-31 16:00:00,0.2677919
2025-07-31 17:00:00,0.040829446
2025-07-31 18:00:00,-0.1301229
2025-07-31 19:00:00,-0.078983024
2025-07-31 20:00:00,0.21860908
2025-07-31 21:00:00,0.51701915
2025-07-31 22:00:00,0.8169769
2025-07-31 23:00:00,1.0536603
2025-08-01 00:00:00,1.1383675
2025-08-01 01:00:00,0.99027115
2025-08-01 02:00:00,0.77247584
2025-08-01 03:00:00,0.5598475
2025-08-01 04:00:00,0.34504876
2025-08-01 05:00:00,0.14702576
2025-08-01 06:00:00,-0.0032123013
2025-08-01 07:00:00,0.01519934
2025-08-01 08:00:00,0.27453044
2025-08-01 09:00:00,0.54717106
2025-08-01 10:00:00,0.824097
2025-08-01 11:00:00,1.0566443
2025-08-01 12:00:00,1.1470665
2025-08-01 13:00:00,0.9931847
2025-08-01 14:00:00,0.7669891
2025-08-01 15:00:00,0.5474963
2025-08-01 16:00:00,0.32544103
2025-08-01 17:00:00,0.11739801
2025-08-01 18:00:00,-0.052011956
2025-08-01 19:00:00,-0.117141694
2025-08-01 20:00:00,0.063767225
2025-08-01 21:00:00,0.31153458
2025-08-01 22:00:00,0.578093
2025-08-01 23:00:00,0.8408146
2025-08-02 00:00:00,1.0349572
2025-08-02 01:00:00,1.0918804
2025-08-02 02:00:00,0.94278616
2025-08-02 03:00:00,0.74814457
2025-08-02 04:00:00,0.55760723
2025-08-02 05:00:00,0.37137076
2025-08-02 06:00:00,0.21179454
2025-08-02 07:00:00,0.12308808
2025-08-02 08:00:00,0.23018019
2025-08-02 09:00:00,0.453943
2025-08-02 10:00:00,0.67277014
2025-08-02 11:00:00,0.8810975
2025-08-02 12:00:00,1.0255114
2025-08-02 13:00:00,1.0472519
2025-08-02 14:00:00,0.8819017
2025-08-02 15:00:00,0.6843151
2025-08-02 16:00:00,0.4825625
2025-08-02 17:00:00,0.28412023
2025-08-02 18:00:00,0.1034639
2025-08-02 19:00:00,-0.031443845
2025-08-02 20:00:00,-0.041216064
2025-08-02 21:00:00,0.16130994
2025-08-02 22:00:00,0.38548544
2025-08-02 23:00:00,0.6202721
2025-08-03 00:00:00,0.8412273
2025-08-03 01:00:00,1.0001408
2025-08-03 02:00:00,1.0416797
2025-08-03 03:00:00,0.9243827
2025-08-03 04:00:00,0.76785123
2025-08-03 05:00:00,0.6093479
2025-08-03 06:00:00,0.45186025
2025-08-03 07:00:00,0.31648335
2025-08-03 08:00:00,0.23040697
2025-08-03 09:00:00,0.27921033
2025-08-03 10:00:00,0.4543062
2025-08-03 11:00:00,0.6241705
2025-08-03 12:00:00,0.7802837
2025-08-03 13:00:00,0.884782
2025-08-03 14:00:00,0.87637514
2025-08-03 15:00:00,0.73999035
2025-08-03 16:00:00,0.58364373
2025-08-03 17:00:00,0.4235477
2025-08-03 18:00:00,0.26506546
2025-08-03 19:00:00,0.118870065
2025-08-03 20:00:00,0.008164453
2025-08-03 21:00:00,-0.010017251
2025-08-03 22:00:00,0.14997666
2025-08-03 23:00:00,0.3510952
2025-08-04 00:00:00,0.569288
2025-08-04 01:00:00,0.78936774
2025-08-04 02:00:00,0.96807694
2025-08-04 03:00:00,1.0610678
2025-08-04 04:00:00,1.0237671
2025-08-04 05:00:00,0.88097906
2025-08-04 06:00:00,0.73047584
2025-08-04 07:00:00,0.5681283
2025-08-04 08:00:00,0.40757436
2025-08-04 09:00:00,0.2689493
2025-08-04 10:00:00,0.19193517
2025-08-04 11:00:00,0.2518443
2025-08-04 12:00:00,0.41241434
2025-08-04 13:00:00,0.56667024
2025-08-04 14:00:00,0.7062805
2025-08-04 15:00:00,0.78456503
2025-08-04 16:00:00,0.7482103
2025-08-04 17:00:00,0.6150139
2025-08-04 18:00:00,0.4703664
2025-08-04 19:00:00,0.31446022
2025-08-04 20:00:00,0.14957896
2025-08-04 21:00:00,-0.0023514025
2025-08-04 22:00:00,-0.10736929
2025-08-04 23:00:00,-0.079640135
2025-08-05 00:00:00,0.12977406
2025-08-05 01:00:00,0.3673727
2025-08-05 02:00:00,0.6306625
2025-08-05 03:00:00,0.8781709
2025-08-05 04:00:00,1.0552654
2025-08-05 05:00:00,1.1104498
2025-08-05 06:00:00,0.99383795
2025-08-05 07:00:00,0.81255233
2025-08-05 08:00:00,0.622794
2025-08-05 09:00:00,0.42403534
2025-08-05 10:00:00,0.24121845
2025-08-05 11:00:00,0.09105433
2025-08-05 12:00:00,0.039550714
2025-08-05 13:00:00,0.1968804
2025-08-05 14:00:00,0.41119072
2025-08-05 15:00:00,0.6208062
2025-08-05 16:00:00,0.7926828
2025-08-05 17:00:00,0.8567474
2025-08-05 18:00:00,0.74503326
2025-08-05 19:00:00,0.5645632
2025-08-05 20:00:00,0.38090903
2025-08-05 21:00:00,0.18835847
2025-08-05 22:00:00,0.0038232165
2025-08-05 23:00:00,-0.14445233
2025-08-06 00:00:00,-0.17965324
2025-08-06 01:00:00,0.0411992
2025-08-06 02:00:00,0.32174176
2025-08-06 03:00:00,0.62919945
2025-08-06 04:00:00,0.9332498
2025-08-06 05:00:00,1.1596296
2025-08-06 06:00:00,1.244086
